User Input,Chatbot Response,Timestamp
hello,Hi there,2024-09-10 01:21:51
how are you ,My purpose is to assist you,2024-09-10 01:21:57
weather ,"I'm sorry, I cannot provide real-time weather information.",2024-09-10 01:22:20
How do I create a budget,"To make a budget, start by tracking your income and expenses. Then, allocate your income towards essential expenses like rent, food, and bills. Next, allocate some of your income towards savings and debt repayment. Finally, allocate the remainder of your income towards discretionary expenses like entertainment and hobbies.",2024-09-10 01:22:30
Today is a nice weather,"I'm sorry, I cannot provide real-time weather information.",2024-10-03 08:29:52
How's the weather today,"I'm sorry, I cannot provide real-time weather information.",2024-10-03 08:30:47
Hi,Hello,2024-10-03 08:30:56
hello,Nothing much,2024-12-07 16:38:19
which day is today,"Mindfulness techniques include meditation, deep breathing, body scanning, and mindful eating.",2024-12-07 16:40:02
tell me something,"As an AI, I don't watch movies, but I can suggest some popular ones like The Shawshank Redemption, Inception, or The Godfather.",2024-12-07 16:40:19
tell me something,"I may not have personal preferences, but I can help you find movies based on your taste!",2024-12-11 13:32:28
suggest some goodmovies,"Gardening tips include choosing the right plants for your climate, watering properly, and using organic fertilizers.",2024-12-11 13:32:54
suggest some good movies,"I may not have personal preferences, but I can help you find movies based on your taste!",2024-12-11 13:33:05
suggest some good movies,"I may not have personal preferences, but I can help you find movies based on your taste!",2024-12-11 13:54:08
tell me something,"As an AI, I don't watch movies, but I can suggest some popular ones like The Shawshank Redemption, Inception, or The Godfather.",2024-12-11 14:06:27
hello,"I'm fine, thank you",2024-12-11 18:27:38
suggestme a book,"As an AI, I don't have personal preferences, but there are countless amazing books in various genres. Some popular ones include Harry Potter, To Kill a Mockingbird, and 1984.",2024-12-11 18:28:22
suggestme a book,"Reading books can broaden your knowledge, enhance creativity, and provide a great way to relax.",2024-12-11 18:28:32
top songs,Growing a vegetable garden allows you to enjoy fresh produce and connect with nature.,2024-12-11 18:36:38
hello,Nothing much,2024-12-11 18:44:19
